names,emodnet-bio-2020-ncovars4-epsilon2ap0.5-len100000.0-niter500-nlayers3,emodnet-bio-2020-ncovars4-epsilon2ap0.5-len125000.0-niter500-nlayers3,emodnet-bio-2020-ncovars4-epsilon2ap0.5-len150000.0-niter500-nlayers3,emodnet-bio-2020-ncovars4-epsilon2ap0.5-len75000.0-niter500-nlayers3,emodnet-bio-2020-ncovars4-epsilon2ap1.0-len100000.0-niter500-nlayers3,emodnet-bio-2020-ncovars4-epsilon2ap1.0-len125000.0-niter500-nlayers3,emodnet-bio-2020-ncovars4-epsilon2ap1.0-len150000.0-niter500-nlayers3,emodnet-bio-2020-ncovars4-epsilon2ap1.0-len75000.0-niter500-nlayers3,emodnet-bio-2020-ncovars4-epsilon2ap10.0-len100000.0-niter500-nlayers3,emodnet-bio-2020-ncovars4-epsilon2ap10.0-len125000.0-niter500-nlayers3,emodnet-bio-2020-ncovars4-epsilon2ap10.0-len150000.0-niter500-nlayers3,emodnet-bio-2020-ncovars4-epsilon2ap10.0-len75000.0-niter500-nlayers3,emodnet-bio-2020-ncovars4-epsilon2ap5.0-len100000.0-niter500-nlayers3,emodnet-bio-2020-ncovars4-epsilon2ap5.0-len125000.0-niter500-nlayers3,emodnet-bio-2020-ncovars4-epsilon2ap5.0-len150000.0-niter500-nlayers3,emodnet-bio-2020-ncovars4-epsilon2ap5.0-len75000.0-niter500-nlayers3
Actinocyclus octonarius var. octonarius,0.27945031887094335,0.2801087037518413,0.2803159378463806,0.28039764605587003,0.27941677960112443,0.2794310077624933,0.27954799239366,0.28037823439466625,0.27893521146457756,0.2780399028789731,0.2776431335351073,0.2808153807764869,0.2787958601629283,0.27792535589991707,0.27737108422173323,0.28060045269665046
Actinocyclus senarius,0.5801441163521248,0.5817139338690259,0.5829726374449992,0.5798305995757757,0.5854511922773308,0.5859508049092941,0.5869908239081276,0.5851986208112526,0.5904603100891069,0.586098449051451,0.5838670120732233,0.5917415932062409,0.5896086132787934,0.5882774969703747,0.5883753449803611,0.5931310112887236
Actinocyclus,0.784330234508553,0.7146331574170384,0.6820814572958902,0.8738381983804101,0.6887325051961778,0.6606604010282274,0.6491589576619466,0.759397339234051,0.6426353182188891,0.6565230199708638,0.66241835616716,0.6315818823246766,0.6328535273799991,0.6358234403458927,0.6473373923712329,0.6326425280797274
Actinoptychus,0.09788687545805068,0.099950717363097,0.09880286009131137,0.09744809575186032,0.0999990245231012,0.10066147291905869,0.10236502756896239,0.0980779954362216,0.10787174146698017,0.11374082092527621,0.1190531006178028,0.10086337664658578,0.10050157331506294,0.10491597421919296,0.10986149456168728,0.10156669648515874
Amphidinium,0.20554195905932854,0.2046139322853778,0.20364133303732057,0.20731285085838105,0.20357103327702442,0.2023410036894287,0.2021235313667845,0.2043247920574036,0.20090663795392838,0.20077409995169185,0.20082784774813356,0.20066114136956667,0.20111992885061492,0.20045873701012265,0.20092642978280956,0.20133929052442334
Archaeperidinium minutum,0.3035855613533052,0.3031189515174542,0.30294486519453023,0.30434526915822857,0.30327587947623397,0.30326732217310826,0.30308771892614633,0.30366848665035684,0.3026839481638097,0.3028189813168241,0.30251068962283206,0.30327776973947895,0.30279868788461717,0.3024826187281397,0.30245719275403193,0.30340994481371886
Archaeperidinium,0.2967186808607103,0.28512480501794973,0.27988660093376344,0.30718731420314294,0.280011631245423,0.2767574179124429,0.27335552883007813,0.2871143110238636,0.26903200005849065,0.2681341127640343,0.2673692117067494,0.266464822087188,0.26726314349679087,0.2680859685786079,0.2696000960437197,0.26967056189362343
Asterionella glacialis,0.40946676729538295,0.4092239273759992,0.40845136159787143,0.4114075389195586,0.40865817709443253,0.4089464050436782,0.4095488934182008,0.40985773365654693,0.4158921068225856,0.4167825635681001,0.41851342129360863,0.4132920055178949,0.4126180400079053,0.41420156232741573,0.4155627085658563,0.41062488657854107
Asterionella kariana,0.3858827529852782,0.3908599678256325,0.3926114331841393,0.37581657819315567,0.3907386678011703,0.39290272156534917,0.3929563256264636,0.3851733456434294,0.4130965605142852,0.41749701587488985,0.42255326011253125,0.40713069388867723,0.3984551939999799,0.40863461342923874,0.41249334377824254,0.39565133308614686
Asterionella,0.47343775370027635,0.44605403849312014,0.42518386154544124,0.5233937459414111,0.4291481699441878,0.4164300144685666,0.411446604246468,0.46354424030523766,0.40767979984210967,0.40813342178111467,0.40874359936780436,0.4070087911150487,0.40765089005540767,0.40762059570978604,0.4080793565942175,0.408604262722987
Bacteriastrum hyalinum,0.284478640636264,0.28625067549307165,0.28832161140184553,0.2842704080533446,0.287750908062584,0.29539378899664215,0.29359641743821313,0.2851922774659012,0.3018552653139824,0.30161518861033054,0.3024338863156712,0.29252442114190813,0.29166186856482723,0.29776370971680466,0.30159506654487744,0.2910951052631645
Bacteriastrum,0.20893905190970327,0.2063268345461706,0.20575096105650928,0.20963764215903896,0.20575309403614972,0.20500340132365613,0.20715306833779504,0.2084942640343075,0.20256912505768135,0.20479745579230385,0.2065919040622178,0.20068097444521402,0.20091179492410874,0.20162171280419586,0.20305138884067422,0.20418758301699685
Bellerochea malleus,0.1910069478727165,0.1914075491203949,0.19196791338652686,0.1896683029503799,0.1913642632069628,0.19193130522899052,0.19253533447171003,0.18974472279352023,0.19107782275591645,0.19146433613267766,0.19244132587814075,0.18975861862440702,0.19117575016603555,0.19194366432816437,0.19194071798073742,0.19109685120243186
Bellerochea,0.20515237341905146,0.20703596940985725,0.20743676088253446,0.20398064763676382,0.20755451547924836,0.20824512891286887,0.21009623007642148,0.20477859933199338,0.2157599633611261,0.21644046965307392,0.21795544790865293,0.21616449239406743,0.21572952084808575,0.21715570390981326,0.21731182236101074,0.21162372310329283
Biddulphia rhombus,0.6096779324056321,0.5766138832388117,0.5286902876321261,0.596166429763186,0.5154543364155149,0.4879364407348629,0.4450665796849978,0.5384318941064834,0.4789476341771374,0.5205655664663374,0.5362346206491908,0.4468218879083806,0.4491716617124381,0.4541507734909962,0.4859415026468164,0.4531171753088091
Biddulphia sinensis,0.582113962007861,0.5822190271009664,0.5833311667079982,0.5833442726570159,0.5831354868815717,0.5847633400376371,0.5867524462153391,0.582312735780169,0.5927882929161862,0.5928707252758664,0.592993941265975,0.5917481137848921,0.5914714574236868,0.5928659864484243,0.5933005387755467,0.5888294884037709
Biddulphia,0.5075336809298109,0.5082140085287405,0.5090364625650977,0.509301903188355,0.5086749505363632,0.5102700893201655,0.5118867193610944,0.5075824796109236,0.5204886518432278,0.5288353789889129,0.5300669810935809,0.5172232607456382,0.516544428849741,0.5190179695660194,0.5207269163582883,0.5132668336537394
Cerataulina bergonii,0.39118312671885797,0.38278264745852747,0.3871263171153371,0.39149166201634245,0.39051568313665547,0.3850759898619276,0.3821185229138621,0.39406546898880535,0.3742746031907384,0.3706217014805582,0.3691179551723005,0.3771282943456089,0.38252569246550333,0.37550949697166447,0.37136814541486346,0.3863963850652834
Cerataulina,0.3970529095682073,0.38853290632311677,0.3936703692461021,0.4160778977308269,0.38651566364451123,0.3963146304240965,0.38942918600149085,0.3938013294839185,0.3821357771898923,0.3840140181561096,0.387477821610277,0.38167728891166985,0.3809876375871543,0.3803737698021983,0.38142303750182516,0.38459710123119617
Cerataulus granulata,0.1149778879559678,0.11377751945436214,0.11335658364048096,0.11553091632317274,0.113251324514226,0.11283558373728594,0.11412566763583709,0.11381331903607386,0.11984946659408535,0.12629871239723622,0.13334174995497908,0.11419799561262674,0.11387919449927024,0.11901651348368292,0.1207994131617502,0.11453262822873626
Cerataulus,0.04867471687320328,0.04946771769136349,0.05062840360892724,0.04934303675973983,0.050203921288075395,0.05109951405950797,0.05206385535174227,0.04861183717485128,0.05237412079427091,0.05268241362826252,0.05292175724972071,0.05204058205513757,0.05207377770867664,0.05249879847798166,0.05260021873103176,0.05197601635080269
Ceratium fusus,0.5838222711063322,0.5845351234819712,0.5830772674185174,0.58205480801301,0.5833442390444582,0.5839333517234878,0.5843651552886109,0.5828909009863232,0.5835305778433221,0.5827903191680566,0.5821510698026743,0.5836747881401613,0.5838969963821447,0.583843345299028,0.5835471910902509,0.5839045349127302
Ceratium horridum,0.3707326542340197,0.3705822014049206,0.3706699499055081,0.37064279018948537,0.37060035235507727,0.3712631221075955,0.37296598274766035,0.3700282101654005,0.3756956665421666,0.37612628281021987,0.3766531119538017,0.37453690410484675,0.37524029716181484,0.3762279634550634,0.3759058236343317,0.3730976647784194
Ceratium,0.6861727992649808,0.6690993549876012,0.6601295621496172,0.7183066774457451,0.6625090459365858,0.654396617918421,0.649778037364272,0.680126017093634,0.6436945703739002,0.6437855648988187,0.644688671208498,0.6449842657618056,0.644514793774295,0.6432720184910861,0.6429770871834577,0.647479483334086
Ceratoneis closterium,0.368732111986518,0.3680068107883523,0.3674892806011573,0.36955763500797306,0.36789759455350124,0.36743213522921353,0.36718723280344984,0.36874309660732785,0.3722882513633419,0.37398523227843217,0.3762961822826427,0.3708583351132183,0.36913818168080925,0.3706759539693051,0.37208300560947605,0.368589616300554
Ceratoneis,0.09167775837768123,0.09068904279341578,0.09118127172540917,0.09367187768565531,0.09298616854741196,0.09317495294478019,0.09543459194404043,0.09365001022073054,0.11470207469894894,0.11681279235550937,0.11871220731989773,0.11054037618042144,0.10693084588853777,0.10992165348558283,0.11331841286807896,0.10281205722098737
Chaetoceros danicus,0.3638083300689027,0.3602813514358084,0.35913213258474047,0.3633178330868543,0.35828684997477955,0.3579603218443371,0.3574778487473987,0.35830273018208714,0.35142224746789796,0.35142757767454424,0.351628031347992,0.35148272760765964,0.3525331658132771,0.35206268675416585,0.35180002514755965,0.35299346409250354
Chaetoceros debilis,0.49790794710787456,0.48818741235608254,0.47271637924130255,0.45627200251434286,0.4135711634493304,0.40977322355654283,0.4068591479767201,0.4157548104794045,0.4139452762350715,0.41628216980937605,0.4182165573905754,0.4125414502234853,0.4099121813385845,0.4111148149349538,0.41313697113612985,0.4091442973015497
Chaetoceros decipiens,0.8771849360530036,0.555875661148569,0.4574036947776371,1.5792161093884642,0.4644752663769747,0.40823663882566574,0.3785162746113277,0.6640571858132642,0.32621314717368766,0.31501205512970637,0.3067055881921381,0.3706401455001853,0.39217058324520726,0.3546390156723298,0.3259134146200745,0.44751910862896277
Chaetoceros densus,0.528195187261265,0.5288090639326067,0.5311960098783969,0.5300183285822138,0.5322219496580698,0.5259725088172031,0.5247440476415862,0.5275094352309216,0.5650146940928954,0.5724733704507285,0.5788392285141164,0.5512993023545216,0.5405323561315923,0.5618097125671586,0.5675350526268349,0.5288669555056007
Chaetoceros didymus,0.24386442334061922,0.2474992731158168,0.24957411612300182,0.24376243937762782,0.24586952278886973,0.24679471886542087,0.24812126864603493,0.24453228012789302,0.252495753951624,0.25571811184791515,0.2565689468313924,0.2535585433857094,0.2520326980453866,0.2528142982815026,0.25384986375442603,0.25096169734206536
Chaetoceros socialis,1.0006912121406204,0.8538283485822499,0.7944868268900734,1.2752941698338378,0.802373148892054,0.7561918005715073,0.7319369377037456,0.9053175607030143,0.7182265167506457,0.7057285329432861,0.6977190033335153,0.7318059928972712,0.7488951481654877,0.7290721574802512,0.7176928819007117,0.7834037744117389
Chaetoceros,0.5834453429294152,0.5842635719818218,0.5847319948369287,0.6018244617548816,0.5836628906463269,0.5839820480744374,0.5848878063834883,0.5825963473855995,0.5823078822296485,0.5825333912484338,0.5823027677037174,0.5810402995256881,0.5830050838362375,0.5831914234493403,0.5829805778376781,0.5821735515578607
Chattonella,0.2964662838590222,0.29097760642836445,0.28837210995543644,0.3184895517966379,0.28960475921162804,0.2887772022219618,0.28832714213558186,0.29277264445314943,0.2839436024744856,0.2821855720138032,0.2817313302484711,0.28338055303012816,0.28577255385640155,0.2842975725614754,0.28465911698324103,0.2866960030421844
Chrysochromulina,0.8656296169720047,0.7696417682350639,0.7159714861753472,1.0290467147812927,0.716801504540251,0.6725054530909683,0.6449581271576266,0.8154624923599842,0.585111223311492,0.5833819633887558,0.5835657627093503,0.5928531887791239,0.597489560007272,0.5911981764499716,0.585688008768415,0.6140943449777161
Cochlodinium,0.1994429476258025,0.20007533964514476,0.20022917379222296,0.2023318966275482,0.19946125155252958,0.2029014354375966,0.20347569060549484,0.20049604316645736,0.198506148547667,0.19692109671530783,0.19537282641077508,0.1995393050112033,0.2008399560193853,0.19918013563138706,0.1984757340506068,0.20176979470825468
Coscinodiscus angstii var. angstii,0.4413996369098088,0.4453379158974091,0.44598279429047755,0.4473396573632315,0.4455081895226147,0.44574127544697856,0.4456596887056794,0.44147361810803654,0.44755044457662957,0.44655810227346576,0.4459994156647431,0.4458054349074265,0.44645145502788736,0.4472404781455113,0.44732733640015265,0.4464377904171913
Coscinodiscus concinnus,0.10164842284592328,0.10001007577269243,0.09886546723586132,0.10367547433052489,0.09925991671020863,0.09830086566700943,0.0974871363679129,0.10102641653797235,0.09672196755864249,0.09671256827329605,0.09654086464925882,0.09677563527264174,0.09675802122936036,0.09680281614310972,0.09660593515012365,0.09711774821301525
Coscinodiscus radiatus,0.3398549229245521,0.3439724742898682,0.3460819502455935,0.338996121728359,0.34410100898063806,0.34774666228158096,0.3528348124518031,0.34108372912172913,0.35629528008818967,0.3561240564408263,0.35493111475800293,0.3547831751990501,0.35624167391949635,0.3573893463740629,0.35764502261458203,0.35340102124798894
Coscinodiscus wailesii,0.18187437340011608,0.1805448926389638,0.17833736888210935,0.1856323703631311,0.1786969324327305,0.17526379502183584,0.17062621769075453,0.18124111005674945,0.1651936695574638,0.16426444002105905,0.16428526121426748,0.16672730011963016,0.16720833603772647,0.16625715397419782,0.16490311081801798,0.1673422802131029
Coscinodiscus,0.48245805082956433,0.4831848378106161,0.48294038231522224,0.48333443461504694,0.4827857303129346,0.4831087267124781,0.4836182846467838,0.4838430098179668,0.4866212984006652,0.48783533870735846,0.4892385194742149,0.4853483279944279,0.48568164317461976,0.48685321245400653,0.48730886965347175,0.48369744527626163
Cyclotella,0.11703808454655584,0.11348522143599199,0.1126087225900865,0.12263052894779694,0.11258841901118836,0.11063624890098717,0.1098497675348722,0.11556832628389795,0.11135743408084818,0.11131566863877208,0.11149673537856661,0.11204806521624941,0.11094131683442247,0.11115174933592512,0.11058590536565346,0.11136348804975665
Cylindrotheca closterium,0.30703796387225263,0.30890722634570256,0.31178287276759786,0.30863601884230335,0.31076146597310733,0.31532908689958516,0.3191367332375848,0.3077272660040286,0.3381030654640835,0.34329991250176983,0.3468690524307827,0.32821824002492644,0.32681524937091927,0.3334777806165285,0.33871257534631666,0.3207410657949473
Cylindrotheca,0.43249722795113693,0.43238733019497605,0.42661075052319625,0.43880772134786356,0.42901902927595575,0.42064138744317753,0.4152163788652962,0.4324529580174959,0.42037800625489014,0.4271130600192154,0.43702692838873824,0.4181469481974124,0.41532872227851436,0.417545725067898,0.42106927689274326,0.4142145557145525
Dictyocha speculum,0.42238152067282847,0.4203997315458741,0.418474246274572,0.42519016122726155,0.4192210419619779,0.41703226914748515,0.41570796489085204,0.4222036945828259,0.41096296491168816,0.4094010522368818,0.4088854169076739,0.4143198081396751,0.4130672229012184,0.4110750208971538,0.40955490033819975,0.4156802370322548
Dictyocha,0.2329039589277713,0.23040360951313982,0.22827185031838934,0.23857416674577536,0.2281290055138057,0.22503840767580235,0.22326247406662095,0.23053215728935494,0.21760245353051777,0.21774846884026186,0.21801151948363803,0.2175801013938546,0.21872234365986293,0.218404171122156,0.21790776855368993,0.2193056028541267
Dinobryon,0.25528764175227514,0.24362322760059435,0.2345613027949074,0.2719746904003528,0.23702835058146252,0.22734426457457363,0.2195329728154308,0.2492027017402917,0.21104670233740944,0.2088196070050161,0.20833650968780576,0.21208098601529343,0.21331595353231972,0.21224782961372204,0.21143906296684561,0.21446056190548302
Dinophysis acuminata,0.24972834861019363,0.24830377868339606,0.247825395005996,0.2514202770334109,0.24760059864603057,0.2469540202098815,0.24618575891710898,0.2492424026192914,0.20955003516212162,0.1901164554579884,0.18426405410459262,0.23825762500206582,0.24208059342947358,0.22987520911929746,0.21041134896207536,0.2432698255928271
Dinophysis,0.34788319315446503,0.3321654600780342,0.32590033907853316,0.3624209410944841,0.3270325283886809,0.32236817729705775,0.3156980015948455,0.3436724565740764,0.3083938509398083,0.3081280209469205,0.3077216714640495,0.30808506744963,0.3091303721273932,0.3078856620606251,0.3088433854423168,0.31235026087944784
Diploneis,0.05634446626349813,0.05594664277335619,0.05554558214050086,0.05681574285437352,0.05578955834682608,0.05460611499154294,0.054113525054892156,0.056099285139099564,0.05674490327815243,0.05739713198845028,0.058220501905456794,0.055652135348229374,0.055445047889889305,0.0558428171474184,0.05700258921900437,0.05417734745382775
Diplopsalis,0.1799701783415709,0.17935668420150505,0.1761781588003603,0.18376804690801588,0.17518679142875884,0.1717523948887402,0.17189994747864823,0.17692215836770994,0.16554311324045318,0.17016748295270898,0.17027308564693142,0.15858374101557737,0.16266290635904634,0.17111146638665206,0.17091631477656855,0.16295659800028367
Ditylum brightwellii,0.4139490019806817,0.41528070243223986,0.4162906015124589,0.41263147525821847,0.4160919328106505,0.41709444613717217,0.4178782218543562,0.4145520158855043,0.42204796126609256,0.4231685696478516,0.4235414179677781,0.4206085624460012,0.42001128828405276,0.4218678355023292,0.42277481448100573,0.41824038029045
Ditylum,0.2601160404040928,0.2582471434731922,0.25693214738186604,0.26377082618504755,0.25720964938835655,0.25565903197715767,0.2557266053197004,0.258849050459353,0.25948220016455154,0.2616589007088287,0.26429294320408975,0.25726713816786195,0.2568348812219165,0.25826756966933656,0.25988916236804527,0.2553681400151321
Entomoneis,0.217246827552681,0.21144722899512292,0.20820527419073065,0.22859112355559316,0.20854691945335818,0.20628510361492353,0.20558337674399307,0.21369679462311808,0.205887321416767,0.20558418260353997,0.20591693123168148,0.20484517538611724,0.2047146930349726,0.20600239142684015,0.20630621550145448,0.20468482774629537
Ethmodiscus,0.2165089617054606,0.21586367313182547,0.2156708141707695,0.21698256511983827,0.21536527044310283,0.21523845356457877,0.2155890629918314,0.21591378727446547,0.21978357961909722,0.22003927344884686,0.22077649990566645,0.2183552330968675,0.21813962165059486,0.2196099716891872,0.22024132770896107,0.21660028448619734
Eucampia striata,0.22486974030271292,0.22440248201650842,0.2244601283446118,0.22700780115937524,0.22445587467008746,0.22420977493505403,0.22437116009176503,0.2245265907316066,0.22826770759524073,0.22963921103089902,0.2304575395227091,0.22676948129664512,0.2263900653702057,0.22741952182098754,0.22817747033848643,0.22488871089818327
Eucampia zodiacus,0.23689829715380736,0.23558138967471515,0.23267159831579162,0.24578847260206363,0.2325309049631944,0.23112743205649278,0.23433104980088468,0.2351239129343902,0.2348934554398034,0.23762619637908888,0.2395103610221404,0.23406441876881603,0.2352065217918826,0.23584843501961814,0.23682469979393794,0.23395406899075052
Eucampia,0.30478840495729953,0.3026454222165378,0.29881608533221116,0.3123849301408353,0.29926576481347145,0.2974745798817762,0.2964007897569924,0.3036837394229458,0.29866323979539566,0.3014304343132622,0.30414039458802666,0.29695581348638517,0.29686217333326403,0.29815797755358386,0.29928830053147454,0.2953082533541961
Euglena,0.06531149748685558,0.06370046699609352,0.06269656370843782,0.06654241428409555,0.06299673402777138,0.06181460805419128,0.06106514093257686,0.06445611857977551,0.05682973595508859,0.05620267190362726,0.05504878811325675,0.05701558923012406,0.058347635685049935,0.05756574269767082,0.057120904957317704,0.05928476912277857
Eunotogramma dubium,0.27399964722067444,0.27212569997568986,0.27170951448349784,0.2751724404724982,0.27213498140845177,0.2707854284610536,0.27034195798616534,0.27521419580480877,0.2748559714270924,0.2902878345208069,0.30288837148374165,0.2783264654634336,0.2708895375228684,0.2732177025203087,0.2815897750816793,0.27429688048691514
Eunotogramma,0.3328319797180298,0.335028939868265,0.32100060439069394,0.34696799103125375,0.32500892337084486,0.3187648492831692,0.318807286833858,0.3301035377947614,0.3403549483484387,0.34614893328805557,0.3483913334709031,0.3295356708010271,0.32724887857863344,0.3334119189722654,0.3408994962467819,0.3181773747420349
Eupodiscus,0.22932205738722714,0.23072244281405266,0.23463295182125504,0.22781538195241044,0.22835241816882676,0.2302936595686053,0.23367491200388124,0.22782621346629953,0.2266993917302865,0.22746775842881864,0.22811412059217398,0.22593552299581654,0.22729080508282562,0.228460807726003,0.22988528812625775,0.22642846353472665
Eutreptiella,0.75773009762977,0.7432922309895668,0.695405739913105,0.7965482826318495,0.6929093682042389,0.6621233023813213,0.6540974520050851,0.7524280706999337,0.5636270973757328,0.5572084247474707,0.5539505978289764,0.5731516927857513,0.5821280693399047,0.5723072003924224,0.564995452676841,0.6068689533586353
Fibrocapsa,0.2730727079714058,0.2686894635303171,0.26605702611707904,0.27527914434790074,0.26530608422312624,0.26384326329329205,0.2616323411815065,0.2676350813747242,0.276611027586079,0.27657017389375205,0.27482619685587906,0.27571314334308006,0.26581054655791286,0.27332840254432467,0.27476251305796057,0.2675025886102965
Fragilaria,0.19465553451331288,0.19266157847630652,0.19390411541486097,0.19591754776387663,0.19290290485165953,0.19309256277221928,0.19102871928828666,0.19334692000529527,0.19137016216089212,0.19071531791945878,0.19128709820981074,0.19060887355515882,0.19065954434384766,0.19140725843233922,0.19118065176727728,0.19087526453002726
Gonyaulax,0.2357473438932767,0.2307336188199587,0.220754929506285,0.2516541246194227,0.22383027634436448,0.21278146330084124,0.20690699059731277,0.23669108103162337,0.2041389054213208,0.20262601976374356,0.20225725220935523,0.20731752151343716,0.20705317941855328,0.20507734224204785,0.20358397330531133,0.20540533422180246
Gymnodinium simplex,0.42259589243313056,0.42134102574479204,0.42053909365081904,0.4229508586040253,0.41905533551641844,0.41728346693278184,0.4154014025735511,0.42030658086053396,0.408433043390975,0.407157163506783,0.4079966205666464,0.4114003121756177,0.41048494793214363,0.4092286286258604,0.40863497798192205,0.41254779194062036
Gymnodinium,0.6385946810375115,0.5629304015775911,0.5194348608884167,0.7124055695168919,0.5262818423745091,0.4828456439643818,0.46460428323820513,0.6054672105430787,0.41874941367144136,0.4126481078931494,0.4160683367945414,0.4224441306135449,0.43389707601648037,0.42426728153512633,0.42137959065396086,0.4430299869164635
Gyrodinium spirale,0.6381699902997106,0.6431015542242283,0.6455194941326853,0.6329441195173685,0.6401864424544803,0.6445974077465793,0.6465098632949478,0.6357932151205511,0.6441584428141963,0.644524047646686,0.6448708078980067,0.6435739839967605,0.6439143159429555,0.6443941487872438,0.644669711914841,0.6420678851530869
Gyrodinium,0.7659078339072511,0.5701260876169721,0.540534816586649,0.9618128100255876,0.544225567818901,0.5306409883925811,0.5262184772263938,0.69680251795127,0.5462287375428779,0.5493693051897971,0.551294651080906,0.5338705594760231,0.5347083374849158,0.5436009621824208,0.5500432040743047,0.5242294512086231
Gyrosigma,0.18751682516620186,0.18730604080576863,0.18787836140034844,0.18974409631893327,0.18783934893918908,0.1875305166453321,0.1879573082301547,0.18812145891680115,0.1880899717267712,0.18851002021987895,0.18876574377821667,0.18854625105630368,0.18934990756271775,0.18900784401876597,0.18855378765823813,0.18795961309876572
Helicotheca tamesis,0.13731436675646005,0.13999976100786957,0.14331035077698992,0.1350109803637386,0.14469975833300222,0.14454398888857609,0.14983990155400415,0.13835387233422036,0.14700707890852438,0.14981290618905474,0.1526558402412175,0.13977141911270624,0.13861057769351107,0.14403216063780178,0.14821039022738866,0.14246024497781443
Helicotheca,0.16545572687689517,0.17132634516139095,0.17901543149978397,0.16242468985920763,0.17784139580489822,0.1843628240261621,0.19551828820609068,0.16593274670327982,0.21121791418539157,0.21449906720045403,0.2161955609148527,0.2029290549842936,0.20673962488547626,0.21020239270604468,0.21300795151630306,0.19410290940283587
Heterocapsa minima,0.6805968588410669,0.6850504603142642,0.688904884586541,0.6767866993607744,0.6818614814126487,0.6857908703747846,0.6894786855781808,0.6782132016185748,0.6830215076900135,0.6859718662416419,0.6893777901664558,0.6805700674116836,0.682786645492316,0.686163021332653,0.6899131943573478,0.6803287327681337
Heterocapsa rotundata,0.6703810533700655,0.6666877101578143,0.6657946763257788,0.6725776638731309,0.6609080691081065,0.6566047998391338,0.6549378858526076,0.6655376116403794,0.6331920524437945,0.6326045194812124,0.6313568063161801,0.6340436848240443,0.6400562598155436,0.637426135892704,0.6343448443621629,0.6463201205939982
Heterocapsa triquetra,0.3126478307364408,0.3111624679807025,0.3093785686098305,0.3154482109427243,0.309974491504063,0.3078253393551832,0.30688325873593925,0.3119342993369966,0.30130340613735423,0.300793467553208,0.30061820182245136,0.3026226529819263,0.3017284453698608,0.3005807026397792,0.30278142635281224,0.30453125958896454
Heterocapsa,0.8385831815940009,0.799548941679283,0.775060020055073,0.8700497064526993,0.7814310774357374,0.7592380329475923,0.7444239205648283,0.8242345951118564,0.7032257232247592,0.6982118622054606,0.6949301616390875,0.7130637342857664,0.7178929214583178,0.708809494196861,0.7028047716784699,0.7337226721657649
Katodinium glaucum,0.6226829088918272,0.6238769914030124,0.6239035886491942,0.620271183851642,0.6222788869191611,0.6229655094789421,0.6226006491500831,0.6186651486972333,0.6176130029747665,0.6191211843223229,0.6234974285927188,0.6161736992048163,0.615114388529078,0.6155345943335238,0.616867528951799,0.6142302100642256
Katodinium,1.2770301011168244,1.1359179747382144,1.0437927150510682,1.4261870252348952,1.056360717219626,0.9505167586635939,0.8588010135136434,1.2405036232737505,0.7390891412179816,0.7246974475012115,0.7126503185656127,0.758721635631626,0.7756624375509256,0.7524436241635893,0.7387796657192693,0.8178271536546666
Lauderia annulata,0.24418531707725738,0.24375121468752706,0.24279417568721443,0.24466220326446142,0.24279036115177785,0.24172314844929133,0.24087385401184322,0.24387826386629305,0.23823670548077727,0.24054533736934464,0.2421973259282326,0.2371504280810457,0.23771053245259438,0.23844028333900202,0.23979216202791814,0.23874897044332835
Lauderia,0.32977761575309367,0.32851004103099957,0.33251314953897876,0.3455723423673172,0.3302893527224839,0.3438985742524711,0.35038550316198286,0.3274694243859001,0.33516191798734574,0.324307995467358,0.31781909928239616,0.3390854815161932,0.346322233286622,0.3415641182376945,0.3364097347402039,0.34366105874647807
Leptocylindrus danicus,0.3330277152967897,0.3326328739112806,0.33523959256974567,0.33374905900892304,0.33469343028176396,0.33362851309608,0.33506584620359453,0.3327898929788464,0.3492632606245181,0.35520905273068093,0.3611363328170922,0.34122706186730467,0.34042870837966155,0.3441440372748055,0.3491090482665926,0.33517225986679583
Leptocylindrus minimus,0.5177867043044365,0.5152720391339038,0.5126904487577921,0.5175253943621684,0.511792855884488,0.5098336244489622,0.5082728038365426,0.5136255776200089,0.50426320017905,0.5042201553485882,0.5041866365345964,0.5044328219120386,0.5050281292753712,0.5044965216751046,0.5042005229325535,0.505461610934397
Leptocylindrus,0.21014181534372478,0.21134290153244933,0.2130294013889539,0.21151563318016756,0.21076297762338966,0.21327103722181845,0.215948414042846,0.20891853337213706,0.23110790886317403,0.23888693555066975,0.24672805316847551,0.224875456463211,0.22279308524639754,0.22886357373925356,0.23260216140898549,0.2173866427360156
Leucocryptos marina,0.5750656271347323,0.5735199135171047,0.5723552499327275,0.5842929241481406,0.572452076157514,0.5742129927508559,0.5742713767763306,0.5731185256428399,0.5746577272357698,0.5739059312040284,0.5735069747106506,0.5757545779880153,0.5742620801162501,0.5735677134792893,0.57322860344159,0.5749125287533932
Leucocryptos,0.5575913692278334,0.5510115082734477,0.5443348803936088,0.578900160493531,0.54537562108818,0.5414102287539783,0.5412153379058683,0.5620617007736892,0.5427523643152968,0.5415012413450554,0.5416973119973616,0.5416458733668427,0.5408765100589564,0.5410481916332995,0.5416852067497242,0.5421306593800786
Lithodesmium undulatum,0.28612174829148157,0.2894878199304991,0.2892002957122718,0.2819444400272444,0.28862857904036043,0.28905495293808753,0.2858878635280557,0.2877556486211239,0.28653955682498766,0.2883581096272772,0.2927405616937342,0.28672744701519653,0.2857955812951434,0.2841889809243585,0.2863032714499476,0.2853914289883829
Lithodesmium,0.32253841859513316,0.3156476247919696,0.3155071521901642,0.33002514174014275,0.3136779959305252,0.3024123018951838,0.29804418422646883,0.32511727888621084,0.2902367878121489,0.2916567745785552,0.2951030600751038,0.2909127813836258,0.2916548383386004,0.2892068385803608,0.29115900757415614,0.2951682419392215
Mediopyxis helysia,0.3658257601072341,0.361126678370283,0.3589094831638625,0.36999540842542356,0.3576408121183213,0.3595467824456619,0.3524831239033483,0.35602010542278184,0.3455991750050608,0.348725997508093,0.3507594601442443,0.33937299379531416,0.3467349135056824,0.3490930336100423,0.3466667263254243,0.3447758930815673
Mediopyxis,0.5792032715072352,0.5652548413514465,0.556402747702191,0.6055901529175011,0.5569983383423496,0.530393494698777,0.5049720440437176,0.5743164729465806,0.42646390300915576,0.42101106632750457,0.41159532185302083,0.43666772892819194,0.45312636707024395,0.4381109565912534,0.4291682100993474,0.4800999892900857
Melosira,0.205034368484071,0.20471694501508958,0.20549932382024053,0.20693116249241356,0.2052350435126393,0.20650319348352444,0.2093914354353003,0.20453604464441122,0.2113025395936273,0.21438868367662295,0.21418211044071434,0.20800163103539349,0.2144621376778332,0.2070983177994546,0.21056626304354026,0.21178864616835463
Mesodinium rubrum,0.6400582252767251,0.6409355019207428,0.6430843124964934,0.6409077259691972,0.6432714050606602,0.6447170827686965,0.6449462319843332,0.6426773636773505,0.6453255953118859,0.6513504801066982,0.6539287750826217,0.6365103696245084,0.6365233242277651,0.6399128569004711,0.6516547316154723,0.6349292208757055
Mesodinium,0.9003443730377747,0.8131782705508459,0.7629957428014721,1.0250008182095935,0.758512785136195,0.7140296443267978,0.6869178831116298,0.8505765224692641,0.6087171164294689,0.6070966414112248,0.6063747031980881,0.615167553083679,0.6235340601458691,0.6142350186258292,0.6110647050379089,0.645353086290202
Mesoporos,0.39385944414418045,0.38976378752041885,0.39420751715886526,0.3959416370275191,0.3958358905040046,0.39751793229799753,0.3966389732237097,0.39047191998131,0.4067674191825059,0.40638705389342733,0.40788384424163987,0.4093211069610958,0.40261627589658183,0.4024506653245076,0.4033307224659541,0.40056357731127473
Micromonas,0.60566547721464,0.6062144491333017,0.6068674377525194,0.6065042155536012,0.6062819254289991,0.6075205436393514,0.6086885834272584,0.6049375338013174,0.6116084769787566,0.6117285782960197,0.61147804926925,0.6101778749735381,0.6106977914485756,0.6120093864791566,0.6123739250243038,0.6081704190807173
Minutocellus,0.35168862576960247,0.3516741582809303,0.3518251170819391,0.351884768060539,0.35218990686081486,0.35215567925881347,0.352498097955738,0.3520580042049989,0.35357793603460586,0.35355046954884906,0.3536168252829699,0.3537114075154596,0.35335117681821887,0.3534344123799128,0.3533328196024757,0.353174469898614
Monoraphidium,0.09426899922382168,0.09383831293900236,0.09304501840007762,0.09355687349330337,0.09328583809743976,0.09247132690824514,0.09026529535569112,0.09358388129432167,0.08837746315019168,0.08833448809549241,0.08809467469792973,0.08777808016602691,0.08873183690820666,0.08889075223587123,0.08866504607153713,0.08938963654432458
Navicula,0.33805918903907967,0.3298126782828209,0.3282041165637888,0.3495101344488286,0.32842508275330967,0.32653579940278615,0.3246857546634801,0.33568340123087476,0.31053201104642547,0.3059816597686403,0.3044764864107937,0.31314586397866834,0.3177891964623322,0.31350255409670436,0.3103296778938362,0.32124435225858294
Nitzschia longissima,0.09741547023810146,0.09483877434002175,0.09085130575902572,0.09526619459180191,0.09036234793058205,0.09340101190296712,0.09743828174795842,0.093655316562441,0.10287579022134136,0.10537667766323704,0.10746677575119336,0.10470828866395178,0.10223735793075575,0.10234565754708574,0.10376233215285802,0.10107922790313435
Nitzschia,0.3570324230847018,0.36357221260065453,0.35736268876770355,0.35342727148954695,0.3574362571724702,0.35520661904294265,0.35170525144346315,0.35747312628963973,0.2742944975916592,0.2562318494504666,0.25052319404822404,0.3087796226789409,0.3279832376705117,0.2925178167926189,0.271024338763141,0.34083000906605737
Noctiluca scintillans,0.3962253683676362,0.39645865715190237,0.3968904838309613,0.3969628343227302,0.39667923344946476,0.3971532840113939,0.39752806686652475,0.39635288283289627,0.40011317330673246,0.4009987363060589,0.4018466305198276,0.39943924518238483,0.3993047165061148,0.3998085529362743,0.4003477308672772,0.3981881423275294
Noctiluca,0.35647516787930217,0.35578660499163806,0.35544377175570663,0.3581333215019261,0.35519955064897996,0.3552781480234425,0.35486472396777663,0.3557983922880155,0.35536657951104034,0.3561726676011477,0.3570201944469502,0.3546914111743834,0.35448324778720924,0.3548407916779744,0.35541056454198455,0.3547181735650094
Oblea,0.21220594886904548,0.2090113908077867,0.21073515357720515,0.21074069702741158,0.2103132294852887,0.21362332233654832,0.21571343008865587,0.20873408811214156,0.21971668677242812,0.2201401890926469,0.21893852933040028,0.2189790790855394,0.2183281107414031,0.21960977483154479,0.21997065093638576,0.21602926297751657
Odontella aurita,0.328678481821944,0.32729956834372,0.32655107941840883,0.3334836393325179,0.32659018357077835,0.32901862269292637,0.3294282808234097,0.3279541510915573,0.3297232981710808,0.331431079770915,0.3328974635967342,0.3292762360853601,0.3286658401162709,0.32955054596923994,0.32961693866487496,0.3283511061412264
Odontella mobiliensis,0.1604945674266811,0.15673665313959959,0.1553759616807506,0.1639600838956214,0.1555777999944511,0.15485575918736025,0.1542098344915503,0.1582858419131348,0.1536746886961518,0.1538268493694604,0.15400621838125936,0.15334704935689483,0.1538507471787518,0.15387725875311367,0.15399510302260122,0.15349413869288658
Odontella regia,0.21503147854205498,0.21375659452928783,0.21228169962459822,0.2166859025206342,0.21260554037927754,0.21232741065871016,0.21170291045524475,0.2147555109985616,0.2167931109250162,0.2148144572682837,0.21402332787133824,0.2151600835683741,0.21576366487380563,0.2165559521547998,0.21707903863670866,0.21034798796962328
Odontella,0.398546686674836,0.3882245011643975,0.3843561839696902,0.4166587075501519,0.3849490976575251,0.3824133299854528,0.38142342994665973,0.3955085806420045,0.38584943945666017,0.38727877370787495,0.38855350307914366,0.3831865316977868,0.382557493577376,0.3842940924623365,0.3862287219845524,0.3814935619517164
Orthosira marina,0.6927126222904613,0.6945847653438895,0.6954947521815376,0.6913783464647533,0.6959752909730788,0.6970714226742848,0.6981224015926502,0.69428087116233,0.7017568197135492,0.7007691835094113,0.7028920414187484,0.7031576522805301,0.7043779073945553,0.7036387916453085,0.7028218593224467,0.7032252858832344
Orthosira,0.5346769516055709,0.5323602397157899,0.5249451444893054,0.5441171279898726,0.5310416919223709,0.5231109081479872,0.5203190359039576,0.5341461279204396,0.5219749679726097,0.5094360998697635,0.5080184182441567,0.5236741617518194,0.5256789279184348,0.517883183120123,0.5112187186937938,0.5244850058878008
Oxytoxum,0.434537080074054,0.4197028335046694,0.40963911394207536,0.4515952118907099,0.4111723132058121,0.40099792302640186,0.40113598221714347,0.4257609308437528,0.39092443044226555,0.38920765304173416,0.38312910342870476,0.39367777335555404,0.39542336177260845,0.39438223472028544,0.39175977620888347,0.39676058031680833
Paralia sulcata,0.5829265542379529,0.5839775598357366,0.5859645461021044,0.5830428723245903,0.5855970295890607,0.5879003820976948,0.5902039919540222,0.5828742106872824,0.5984504155183612,0.6008698154646988,0.6013928140535081,0.5959236638307301,0.5952355346532244,0.5973623958418462,0.5983169989470453,0.5917965918178019
Paralia,0.5711194531979976,0.5736267311880215,0.5753985895450761,0.5694764852081063,0.5750515483841017,0.5768120030536684,0.5785352880909851,0.5720695078798018,0.5888263466360789,0.5919578181471115,0.5926672939412713,0.5852101303574246,0.5835693344644931,0.5858153911617265,0.5879212386726149,0.5806781287117627
Pediastrum,0.08308707307943455,0.08021705929993263,0.07970773990773777,0.08543941575120993,0.08321352085524983,0.08073760715890972,0.07987128269943387,0.08626801312914165,0.0901826477074545,0.06366165000615247,0.06202926923772285,0.0906753247430306,0.08785169283181177,0.0868828768648725,0.07430027688728041,0.08757239131616369
Peridiniella,0.40349927662239854,0.3713947951221133,0.35404185105711616,0.4450851567839485,0.3494934287884208,0.32939235166945713,0.3182341201299929,0.38515002790663416,0.30695691844747613,0.30487517871578074,0.30360554659361483,0.3109574159009463,0.3117913223949953,0.30812201325307786,0.3056988133978106,0.3213292482621435
Peridinium achromaticum,0.31873095019869274,0.3176307432068896,0.31645320274862043,0.3194645950939606,0.3163843469817689,0.31518903918992874,0.3142127108990912,0.31787615594600077,0.31403077511156985,0.3138082909546236,0.3140366748525571,0.3153549703676354,0.3137524345818358,0.31285633433853993,0.3127179524272651,0.31548880979150395
Peridinium,0.3988111404789825,0.3881035800707945,0.3754703231226981,0.41618370355511275,0.36753306507828354,0.34981843375822486,0.34240848894747683,0.3905718384213864,0.3247737618528698,0.3232180204622121,0.3223845358404945,0.3282484889704712,0.3269077687894332,0.32703250344557766,0.32433309435857316,0.3281408717487667
Phaeoceros,0.5604887514794866,0.5601450822600562,0.5600772560404016,0.5615210358442202,0.5599211748726645,0.5597542098194301,0.560095989343284,0.5601522634495404,0.5612556137199001,0.5614102108742538,0.5615476509654254,0.5609072340844862,0.5608306100242061,0.5611715355233728,0.5613087912885936,0.560178780546425
Phaeocystis globosa,0.582273000103557,0.5827124725229071,0.5812343598283523,0.589316601606884,0.5795808152366991,0.5576925229452007,0.5411297212930912,0.5802461542578683,0.5493647826541108,0.5439820376646112,0.5396771787720335,0.5537744575489847,0.5268758349891461,0.5242210331222307,0.5318647496284405,0.528127657429064
Phaeocystis,0.559651159411697,0.524772781724798,0.5033051211971186,0.5905266708963944,0.5101722106203154,0.49200046993524327,0.47211486327831625,0.5556113873694952,0.4599607777412655,0.4700764934811845,0.47953524981432005,0.4524065800922393,0.45381750158336603,0.45604499515392205,0.4626068360268336,0.4602702753223593
Phalacroma rotundatum,0.21648521689709013,0.22498545769900824,0.23453762048906662,0.2119536057563796,0.23128564628833145,0.23739280857314224,0.24315232327838565,0.21746420803513913,0.25650796143819227,0.2514931122087759,0.2466200408108338,0.25106994151331036,0.2567908913468129,0.26649548341043805,0.26506462053924296,0.24540434991796756
Phalacroma,0.1392262881969781,0.13451327256506124,0.13235273245111498,0.1487528734450033,0.1332379705579756,0.1318498331544941,0.13115980897826512,0.1379945986693544,0.13037051458321758,0.13264160486104262,0.13438347072279325,0.12898382745929543,0.1292580637460886,0.12901138960478503,0.13068716765919447,0.12997242269263412
Plagiogramma brockmanni var. brockmanni,0.6583133209251283,0.6632605060288005,0.6678948229437298,0.6535215146161585,0.6610979742682145,0.6630085564069899,0.6657289116031396,0.6539223325144367,0.6743742161803591,0.6768957253260749,0.6808651286347083,0.6573226539745654,0.6602439979878731,0.668332820765097,0.6836284639064557,0.6552015691159414
Plagiogramma vanheurckii,0.46706451456393766,0.4681565195946863,0.46939112152804346,0.46784248456743016,0.4693915890103762,0.4709500092350325,0.47435807754317943,0.4671520622408283,0.4805180388036941,0.4871874381942618,0.4911590851798112,0.47929195145496817,0.4755995389883878,0.47872633139962834,0.4796363995862415,0.47307131662946256
Plagiogramma,1.0581144413040362,1.0156113288285071,0.9859517622271883,1.093074190936657,0.9596198687109951,0.9199335614290499,0.8764747671089904,1.0227571108592044,0.71838721769287,0.7034353933965919,0.6913613785764132,0.748599120133566,0.783067874636692,0.7466837680516665,0.7236913931021111,0.8189149799920499
Pleurosigma,0.7723569584159525,0.7068634503725594,0.6838936082627272,0.8149359432271552,0.6915459138701716,0.644871668265921,0.621265830255909,0.7453405872520857,0.5939756461446508,0.5957387567359292,0.5980439546175671,0.5945929011481972,0.5955086540896978,0.5911676546581035,0.5901309249230889,0.6059212743823019
Podosira stelligera,0.20515662662725556,0.2087236482130187,0.2123212919615906,0.2018553422252613,0.211856860638889,0.21211896866680974,0.21400235881704546,0.20454615307921747,0.21162847580000088,0.20756161984569044,0.20218401322680749,0.21680616692693677,0.2172010852809668,0.21594213464772913,0.21347700290455626,0.21389468957476027
Podosira,0.18773393012386863,0.18668682218822932,0.18466663556969545,0.19847095998450306,0.18468699001298275,0.18293000781494853,0.18240074348546456,0.1880952017676328,0.1838976318713693,0.1840921067426025,0.18948340110230893,0.18020045307390614,0.18008695622791146,0.18112974021045375,0.18508968412740648,0.18146128465796937
Polykrikos schwartzii,0.2534109106706729,0.25356852346692516,0.25372664583158333,0.2544040375195362,0.2537121170776318,0.25343003687563875,0.25350145985862205,0.25374116227657945,0.25466689230999995,0.25514349529185965,0.25533591012006984,0.2535798125710642,0.25367898571890274,0.25461524149365566,0.2551227323425317,0.2540333473574045
Polykrikos,0.26594858406601696,0.2618291657844715,0.25924621681250953,0.2737777369077178,0.2599435949393371,0.25674651949361527,0.2549358420829831,0.2639999191842685,0.2532105792561524,0.2533421135293627,0.2536313465040978,0.2528085262694638,0.2528790816539567,0.2531002441150863,0.2534228963022925,0.2535777410738217
Preperidinium,0.34275641577391297,0.3358527010682088,0.3309078343028264,0.3532521059948232,0.3324897419859122,0.32736544207160456,0.3241879964064693,0.3401447885283286,0.3253467005517395,0.3268670341164836,0.32813484604165133,0.3238784157631806,0.32249351182095015,0.3243214303212753,0.32547864066750964,0.3237013709336457
Proboscia alata,0.3303529655804299,0.32759528298288976,0.32592329558548255,0.33155013734200556,0.32614772184941027,0.3258213646015066,0.32631982388482195,0.32914955318437683,0.3218646340919645,0.32186961537077835,0.3233926252977475,0.3222827442953906,0.3231490445166804,0.3223598321140895,0.3221743048650302,0.32384277993423616
Proboscia,0.4029208783024889,0.38782228004700325,0.37859679812411406,0.41224769447864607,0.38077964957090465,0.373576316376259,0.3709464930240835,0.39776285235704306,0.37277988340137097,0.3735660658350586,0.3734640915299429,0.371638078981693,0.3710629799312812,0.3724941740268798,0.3725627580174636,0.37053640149438094
Prorocentrum cordatum,0.41149399661228503,0.4122519349597155,0.41283866865527297,0.41098558240130567,0.4148276720488454,0.4147993313117655,0.4159259058249178,0.41457662371658766,0.42276039182820835,0.42467768861048816,0.42674927302671867,0.4204172203694862,0.42321697020365945,0.4245997847951265,0.42308594365917224,0.421144768932178
Prorocentrum micans,0.3555750954202081,0.35759874271108244,0.3558806511770921,0.359400727408922,0.35699703240547004,0.35485139956733924,0.35811350444377654,0.3557531709907214,0.35131034411295153,0.3525449900610331,0.353748020424875,0.3512114574723805,0.3531964450886977,0.35273941180956936,0.3520645967819316,0.35320569009940517
Prorocentrum triestinum,0.21872085366471783,0.21691251622559615,0.22090555474431287,0.22198819503313502,0.21969570392460155,0.2170419870776416,0.21705788223682423,0.22337507969465553,0.22333775402640504,0.22145196822342614,0.22078696562846217,0.2269370130770086,0.22162035165896335,0.2194757057412602,0.21853711053549466,0.22561815806671712
Prorocentrum,0.8626789933992917,0.865065465942234,0.8494188320212297,0.8413376203263272,0.852983119988553,0.8386993715297819,0.8308735318285156,0.8557221999794941,0.7610376438989466,0.7351339095225792,0.6699042840138354,0.8021047623746047,0.8164681956787434,0.8023860527271264,0.761520093270467,0.8259099722566074
Protoperidinium bipes,0.5511606703367375,0.551147875199429,0.5510662909634755,0.5510218330744509,0.5510993917416488,0.5510770960795985,0.5511257759223643,0.5510371918494306,0.5526476960437388,0.553333587759127,0.5540094465696866,0.5522252655636969,0.5518317691791758,0.5521686834480273,0.5526027232495034,0.5515483719136852
Protoperidinium,0.48735064656928956,0.4874142052511027,0.4869010164151329,0.4885254286806665,0.48751286502336294,0.48767499459156477,0.4883553760360675,0.48673807765375493,0.497781865884207,0.5000976751432251,0.5031901565925236,0.49439310530420205,0.4931806025338857,0.49533891977824346,0.49788321044016515,0.48916789971649954
Pseudo-nitzschia delicatissima,0.5037570807887433,0.5078233799182834,0.508986808510136,0.5008167165553358,0.5079118724299231,0.5072156564181899,0.5070608113262809,0.5038493104257843,0.4929332949987135,0.48877355606805106,0.48617869220790627,0.4984560725812332,0.5025016774792627,0.49706565098073274,0.4927735547236373,0.5052675887101715
Pseudo-nitzschia fraudulenta,0.5017758707549078,0.5027276047411814,0.5030581476997448,0.5013829319291552,0.5023823320884729,0.5025822033798296,0.5023377900972739,0.5012512397277047,0.4994855615848584,0.49886666791785506,0.4981630685120848,0.49985830673978277,0.5006434800694309,0.5001351766566704,0.4995654907082118,0.5006622083847991
Pseudo-nitzschia pungens,0.5805675476151004,0.5794260106572097,0.5790711218774337,0.5816924150235809,0.5783559546383337,0.5774465502902975,0.5772873220772305,0.5790629113771371,0.5824059508880095,0.584523754601461,0.5839103632195928,0.5812895005361882,0.580066953805619,0.5815788541379151,0.5822755459951373,0.5785795855785714
Pseudo-nitzschia seriata,0.29938629052065696,0.3005144012435687,0.30050310836743477,0.29952746156038884,0.30025359993004297,0.2993175327478553,0.297623998643281,0.29940207107189376,0.29649142666838296,0.295351130892594,0.29505513035278214,0.2959367740102003,0.29615146372914386,0.29578207281027763,0.29646205940239473,0.29515630300954493
Pseudo-nitzschia,0.6296826548176072,0.6212174404379761,0.6150375706978375,0.644199073080955,0.6172756069537565,0.6112412126060959,0.6081665467016949,0.6267864929095109,0.6134233842940218,0.6160958230782978,0.6176731205386575,0.609694231947144,0.6084162060416354,0.6109040133710125,0.6137339286044905,0.6078733038696637
Pseudopedinella,0.4707094975876123,0.45018662327962616,0.4370062762319443,0.5141104951774683,0.4391747984516434,0.42856588421451336,0.42308160724934024,0.4606257457175734,0.41763483442140814,0.41823617211002023,0.4190692989370244,0.4174967474148562,0.41718798430647686,0.41680612996898486,0.4172024895592573,0.419974580742255
Pterosperma,0.15267893608343672,0.1497607235750789,0.14866708160596073,0.15679581166586967,0.1494693344714871,0.14577743664249762,0.14295276121199205,0.1516675207017156,0.14098642192842686,0.13992104058128252,0.1408720520949575,0.14434515335921508,0.14327078952683284,0.1400392831042474,0.14067778524485713,0.14547630140240356
Pyramimonas,0.8370073832894968,0.777244672826406,0.7346652347305505,0.9388699165665279,0.7272222493671539,0.682841855634256,0.6469845214771605,0.8057863365588293,0.6062821015396266,0.5996589033521573,0.5951244859633291,0.6153341396921091,0.6255909615667808,0.6116333833600047,0.6035215079029408,0.644869683648019
Ralfsiella minima,0.5383436517368693,0.5382273095175863,0.5387853932957571,0.5258865832441223,0.5370221055951014,0.534313743070372,0.5341502917342128,0.5195295699256212,0.5058027350312341,0.5141659552005006,0.5177574571895838,0.5005384820278012,0.5054374112518828,0.5049675631116468,0.5084670877698962,0.5068579833768121
Ralfsiella,0.3476862547040286,0.3416757651117017,0.3407732875795472,0.3532094392962576,0.33563228224783087,0.3379036812188153,0.33832215880709454,0.3355611447696587,0.29252891507319645,0.2919155844305494,0.2952554152826227,0.29463871327633,0.31101821335731755,0.30957218632336087,0.3133037793809097,0.3097578905756048
Rhaphoneis amphiceros,0.3703385536611045,0.3935414310634305,0.3923463640397667,0.3672673796107611,0.39276285435137076,0.3912509711411455,0.3850174027870844,0.3724295947942807,0.3627716806788989,0.36149926529010545,0.3590607433962365,0.37695865804630085,0.38293504387972255,0.36571205662890705,0.364230820018415,0.3801381171531903
Rhaphoneis minutissima,0.6950831247602737,0.689596415041043,0.6937340864384377,0.7102716269167779,0.6958086404745066,0.697904223568403,0.6963600564653334,0.6964244401769515,0.7021843495685647,0.7006011807108298,0.699065795092621,0.7051007074028433,0.7024935174110898,0.7019562989818987,0.7010245354764533,0.7040964440985199
Rhaphoneis,0.41465504635013967,0.42602515011519365,0.43485121368767116,0.3971694363301221,0.42425903571344675,0.44575700508538907,0.47400699335006635,0.4058183409765602,0.6422474486805869,0.6207236844939629,0.5526657096520312,0.499109514746904,0.6479805463868304,0.6502009203536416,0.6536833592165967,0.4519709594090575
Rhizosolenia delicatula,0.43793033486870314,0.4312651619354612,0.42045378311497195,0.43103307249583545,0.4223205268554521,0.4138433903767088,0.40694497307743766,0.4396354865205092,0.4014914506402502,0.41096316768463265,0.4212967734641108,0.3968006610691199,0.39621949606622126,0.3965427334909167,0.40222562660656,0.40010581519192057
Rhizosolenia flaccida,0.5702717254494488,0.5682542149804359,0.56756777850202,0.562217440205597,0.5674577769096515,0.5665211547528081,0.5562785114778704,0.5681960868976689,0.5157345074078236,0.46601023400994246,0.427418681871972,0.5383223188347573,0.5445897747737174,0.5311287581509556,0.5152131005411592,0.5414934552497562
Rhizosolenia fragilissima f. fragilissima,0.17051390402158081,0.17052330928320178,0.17093545872946667,0.17136372384317905,0.17093352774464138,0.16897233936091413,0.16505064846169465,0.17006049392931324,0.16300325960711134,0.16628829991186644,0.1689256423889973,0.16221654190784157,0.1615596046926963,0.16275396244053117,0.1635172558155413,0.16090712217824316
Rhizosolenia hebetata,0.3303971234885625,0.32925649838639404,0.32877216384079583,0.3324695003831115,0.32888823701777253,0.3291049279416277,0.329579413530175,0.32971470391890506,0.33072783641180287,0.33041988064584266,0.33027806958091405,0.33030831366466185,0.3303327118640083,0.3308358974669313,0.33100486571905124,0.3296459810800085
Rhizosolenia imbricata,0.4188905319295227,0.4170174297145944,0.41559359774127586,0.4217815449891434,0.4156652538171603,0.4149888576512203,0.4147582473906834,0.4177082278653265,0.4160202875944666,0.41597420854593814,0.4157928603804434,0.41584119687727417,0.41560708398038937,0.41562280965966775,0.4157936605474916,0.41589187883341383
Rhizosolenia setigera,0.2342881878866557,0.24393877537999675,0.2794403683776698,0.2290343776723699,0.2590734808376657,0.32871700787706565,0.36153251040373297,0.23591165095480604,0.38342971568967077,0.3712716388333086,0.3575660089008171,0.3782081378958965,0.3775865137757309,0.38105636423740535,0.3844406680787586,0.36029734589585466
Rhizosolenia shrubsolei,0.6420485007082659,0.6417091203577971,0.6418550231585946,0.6420950569416595,0.6418967271868256,0.6423318331899461,0.6423978861062585,0.6416113378298309,0.644801709575773,0.6459125426733305,0.6467025434382978,0.6436133970935798,0.6433571756930844,0.6442129135335354,0.6451598699740172,0.6426588793983142
Rhizosolenia stolterfothii,0.5873661866547571,0.5785513853631329,0.5713301224187456,0.5941052925260923,0.5711748587952438,0.5626896230310946,0.5559003653665435,0.5834741869231438,0.5265110757427515,0.5289241480498132,0.5311839608774466,0.5267294817546231,0.5270693473885365,0.5257629634828072,0.5270061452633028,0.5396409931655123
Rhizosolenia styliformis,0.31008810163320916,0.3106525103005746,0.3097332020144191,0.3105783547068612,0.30962409994631285,0.3089484178568349,0.3081640282931867,0.3096553311184271,0.3072675354346336,0.30721060366840897,0.3070669649725479,0.30640299108953895,0.3070596681823303,0.30732171301016326,0.3071757447297689,0.30641808755114736
Rhizosolenia,0.8499394796240346,0.7881694819996342,0.7489019317780767,0.9112205088416117,0.7584760954663174,0.7200289165677147,0.6995881242674434,0.8282968197053712,0.6435786969423588,0.6369282067461327,0.6352243097230468,0.6550413991124878,0.6609200820407941,0.6482039788517695,0.6421149805691104,0.6844893835032921
Scenedesmus,0.09771960310713912,0.09732730839378746,0.0974197137513737,0.10122892507577819,0.09799879760241398,0.09747560662503715,0.09781557334448743,0.09870373333645377,0.043227928781011345,0.042275128013297025,0.04488116190513855,0.05010378210570091,0.06924725520072081,0.05518141219801134,0.044053537989653016,0.0785499235449198
Scrippsiella,0.4465146046291051,0.43211494053568034,0.4220980438272647,0.47538969192855407,0.4239130147154779,0.41355481315171766,0.4070065655372664,0.4438526914784741,0.39350786010176375,0.3929218019763592,0.394324707835497,0.3964965198970722,0.39664711965198524,0.39423928133873276,0.3923637838578079,0.4033247949958508
Skeletonema costatum,0.37850222007291706,0.37346124826613925,0.37164004598962963,0.3908377660836959,0.37117327814952283,0.3721965802611248,0.3734617765260044,0.3762120576535256,0.37164211770682276,0.36536525326626873,0.36018456714466845,0.3740757737588433,0.3748348287072256,0.3743246471945591,0.3707907003527607,0.3730036471550966
Skeletonema,0.5049163053586108,0.49086486886373176,0.47955806448419414,0.5200607252239458,0.4716685947177902,0.4579978508156014,0.453892419134942,0.49868859942059124,0.4488579366458183,0.45221387604199925,0.45693865264127875,0.4480580451984489,0.44734253263499835,0.4473178295929831,0.44862231544104375,0.4522134730627252
Stauroneis membranacea,0.2623377985399809,0.23781777990620587,0.22888596186466176,0.3200898612926109,0.23134399563256078,0.22471019012575402,0.22402019856637612,0.2501662611210969,0.2315589665770124,0.23512917521952262,0.2377051222474649,0.22756427602086998,0.2282158959747311,0.23044179314955326,0.23333291640044596,0.22499783523462127
Stauroneis,0.44765725252209043,0.45327129481499456,0.44472682784873685,0.4418104898841379,0.4410122860167089,0.4410845707447833,0.4380599224911553,0.4439409591064389,0.4300320396116384,0.4305925651107674,0.43150769583952886,0.42837577420381784,0.4277063906994159,0.4289609194505215,0.43059985040839033,0.42630486869483936
Stephanopyxis turris,0.3592066513184428,0.38644734310483464,0.4407544380718104,0.34166717208159025,0.41545681337785173,0.4628014511545478,0.46217523229157415,0.36420392785503747,0.4515402764669786,0.45052195579119536,0.44368761293916614,0.4315954031549722,0.43425356483898714,0.427170116071507,0.45863468969189497,0.45637480515035844
Stephanopyxis,0.1777873045278102,0.17681760744127892,0.17494876420119976,0.1820798026137859,0.1754965338424377,0.17433091298848377,0.1735167382581679,0.1765650743780844,0.17158586713787785,0.17197786405760776,0.1720976076940494,0.1693790448994498,0.16906157018439485,0.17101543988385073,0.17196552512316685,0.16994672848298434
Subsilicea,0.06432520091491173,0.08197027024398514,0.08415491347897892,0.062424857436185636,0.06557424758002695,0.08066451784423473,0.08641808406950867,0.06273790540864947,0.07246704416454691,0.07908821108448431,0.09174965725539899,0.07052824684880024,0.07034955655094045,0.08036640500219747,0.09280251057377405,0.06764594002624491
Syndendrium,0.03797450417157082,0.037252499919524805,0.036719832581458674,0.03911423847599403,0.03655307868792571,0.03538408981490997,0.03412494081596469,0.03718118851161944,0.031344913909885176,0.031362341809900704,0.031155824823620372,0.03130660820529051,0.03170899373025927,0.031321108952860346,0.03137987918828607,0.03230078662080207
Synedra nitzschioides f. nitzschioides,0.5963519474230501,0.5778696565241281,0.5680250109496028,0.6018854111436963,0.567166646351335,0.5641073211755329,0.5628922492402104,0.5852246532619956,0.5618788275121392,0.5624357969886407,0.5629044237648813,0.5620241076621868,0.5619454654801115,0.5616250742063511,0.5614971779759769,0.5629407049231892
Synedra,0.5460623717629882,0.5400172628379843,0.5376156811111426,0.564172054364704,0.5385125528948795,0.5345530934220363,0.5320392708527123,0.5429218616656739,0.5319388911384214,0.5330175468954197,0.5338237178648364,0.5307929508498315,0.5306134282456001,0.5313413054782742,0.5321503545586385,0.531011445599831
Teleaulax,0.14854918037340598,0.13164877071690767,0.12422431525810451,0.17120778167074563,0.12697216869275288,0.10251507738872614,0.09606250862034954,0.143209077061639,0.10741039321088247,0.11141137770772626,0.11416848837309457,0.10763709048777166,0.1019067280343026,0.10381043814018359,0.10550502528806766,0.10505748538986105
Thalassiosira decipiens,0.46031643988245513,0.4590014226022569,0.459569448243217,0.46185426265007246,0.46262352687628416,0.46168312076429097,0.4626564575751178,0.46248268281229277,0.47405461991569947,0.47632946703669,0.4780851530253495,0.4713898001690478,0.47081823842226767,0.4731593276024268,0.4750974218286278,0.46723035998261214
Thalassiosira eccentrica,0.17797511497404744,0.17881972350078676,0.179547623869596,0.1785837379515176,0.1786664003467167,0.17980559634844925,0.18096196522335387,0.17810362054079285,0.18541436802278466,0.1854843656621098,0.18555500883018078,0.18312458008633586,0.183555377753533,0.1853752121223731,0.1863881549894365,0.18124764576208308
Thalassiosira levanderi,0.22607338276959557,0.23469494411545788,0.23870678363310635,0.21855848175245995,0.22814718686805965,0.23795578579907986,0.251086266484,0.2182347267856324,0.26963737257993,0.28646170908217544,0.29872034513696166,0.24999637709438546,0.25943076360020956,0.2770110539265939,0.28638947211353216,0.22572425210829214
Thalassiosira nordenskioeldii,0.23034801293661103,0.23121876027505447,0.23308377614940345,0.23238599936812948,0.23249898128476826,0.23479492615594647,0.23605446828259355,0.2303088624802641,0.23871366316855377,0.25341165792870335,0.2592734079086268,0.23485016350116322,0.23446330693989317,0.23584546828697267,0.23955865261377307,0.23380862637622715
Thalassiosira rotula,0.4582985936566673,0.45432561533684124,0.4531714225534824,0.47180208211790664,0.45392037060910556,0.4540856133309333,0.4533099678808603,0.4559196143349156,0.4554142229509608,0.4558480189782935,0.45642141180397255,0.4548552582095216,0.45487674657498234,0.45538410253026435,0.45600279709800023,0.4545698349950058
Thalassiosira,0.7022429332553873,0.6812045773011717,0.6693428236096836,0.7762257735605352,0.6703413980737374,0.6594229607615135,0.65525891690664,0.6921273583476106,0.6338996637833604,0.6320445365909224,0.6306950738277584,0.634347162645928,0.6391990335713962,0.6372188353376113,0.6361136473606355,0.6433398740823515
Tintinnopsis,0.6129447951629927,0.6192954644013593,0.6230393450641797,0.6000564869333529,0.6222854971788493,0.6257478983325099,0.6271477710408602,0.6150729023084827,0.6284455797690859,0.628763256326123,0.6291668190493355,0.6282199789574234,0.6277374734485034,0.628105491303152,0.6284250114211215,0.6274999950904295
Torodinium robustum,0.25894910654817904,0.25684681921989716,0.2525246747971959,0.2593142521785362,0.2520047435268153,0.2518313418139532,0.23807467283059403,0.25654511035845806,0.2203904215210511,0.22546242845108114,0.2291494048949348,0.22099834792233924,0.21754802784347435,0.2185436778721352,0.2225287286576697,0.21582674136843905
Torodinium,1.7482665820543584,1.572203753106589,1.433459431738202,1.9609003500094275,1.4345339491005098,1.2666593300504199,1.168003019851249,1.6342755529892015,0.8318017772529476,0.7849502547843727,0.7529234626878588,0.9000992877707459,0.9455744481328981,0.8825370606712319,0.8303199977583176,1.0568967829812768
Triceratium alternans f. alternans,0.235916289458438,0.23798864516106855,0.24081489988976373,0.23496812970074052,0.23996509084349374,0.2425974547691413,0.24591353862568588,0.23643814973470836,0.2766133957020948,0.2856702313044813,0.28988705179277163,0.25999669446780777,0.2601771239763988,0.27258524665825673,0.28249629396375037,0.24592241337076243
Triceratium,0.17621722745904653,0.17613485944678847,0.17612698519327993,0.17653735556170339,0.17569160138842546,0.17521121268120915,0.17557753816254953,0.17562358454030705,0.17864637619961346,0.18396342464618715,0.18652876851927455,0.17478718842742003,0.1751458966434443,0.17637906998891636,0.1790179645619389,0.17367963788640814
Trieres regia,0.91187388172531,0.8747878335978095,0.8659081765112144,0.9702486899937043,0.933513549198083,0.9077734401384581,0.8906062096592078,0.9664836959805296,1.2432117627143882,1.2868522005929428,1.3070021040687183,1.1672414115266074,1.0147410068501788,1.0306079226733176,1.0989086246862638,1.040677631084945
Trieres,0.10877194056473624,0.104860740096516,0.10177789893813748,0.11399851291080983,0.10943075862473377,0.10618371680005367,0.10289407411379252,0.11360876670112453,0.1151914912282712,0.11249266832065914,0.11411485184690333,0.12410272325092904,0.11762756841915402,0.11474270576170904,0.10876886056968509,0.11679352630326852
Tripodiscus,0.04754841289956669,0.045734022846778154,0.04517842129903127,0.04944869887534924,0.04561625747395377,0.0451748467832826,0.04633631071809421,0.04712613031438491,0.046946601658552994,0.04940339686251894,0.04987340852023862,0.05011995999679379,0.05027553511733551,0.048662551587749646,0.048053856486198455,0.04894151024361545
Tripos furca,0.37470613196707453,0.372720877412811,0.370942957644157,0.3772000755414832,0.37134349530321514,0.36959999956642237,0.3690121560506804,0.37380758823608806,0.36898888801298146,0.36957940103467746,0.3699528711657791,0.3681455770471802,0.36819088244322623,0.3688197789041134,0.36925934577692376,0.36772299189869145
Tripos lineatus,0.23761415598843297,0.23719111904299298,0.23733379731952056,0.23942396521764175,0.23694896965561751,0.23532165388032752,0.23500639307429186,0.23704549000051883,0.23479076186681336,0.2351522483965801,0.23537299028154082,0.23502902766444358,0.2354469524355193,0.23536613832998127,0.2354209482580676,0.23446808442690448
Tripos longipes,0.19975376441452056,0.19852525954702116,0.19812151945012388,0.2021481846502992,0.19816625682819783,0.1981110707410779,0.1981353414570985,0.1989317694211261,0.19840015543722678,0.1984690003765413,0.19848490006816863,0.1986769037133518,0.1988661358015985,0.19869770577246254,0.19844179630876424,0.1985624372680408
Tripos macroceros,0.26880052300397567,0.26895768971060235,0.26876662120438916,0.2693385311171376,0.26874586195085676,0.26883316524329903,0.2691129142171431,0.26881199057501715,0.2717167899441217,0.2720468009301519,0.2722216517309401,0.2704124004275902,0.2701866721715188,0.2705570579025773,0.2712311403002976,0.2700759230474053
Tripos muelleri,0.39124564615760565,0.39190430930015013,0.39262337219495874,0.3905646758799883,0.3922129318060323,0.3923367156867034,0.39303187144087265,0.39134468828436264,0.3924676480981686,0.3926922603424422,0.39333479889697465,0.3941967118898214,0.3944217631735728,0.3943962333297442,0.39244113955578735,0.3931743444614508
Tripos,0.5569293133633836,0.5470431593020374,0.5419175622098197,0.5722627265702892,0.5432045011008082,0.5371671750828197,0.5336221510067901,0.5527022622300991,0.5283035849832679,0.5286554848437879,0.5290902697203338,0.528221648186274,0.5292507244895112,0.5286285673362893,0.5289218986612756,0.5310776832312002
Vibrio paxillifer,0.21761718762740007,0.2167306560068242,0.2130023871405474,0.2248228078671707,0.2141424042140213,0.20949433691103295,0.20240969745477258,0.21643906813658736,0.1990400977466306,0.1994451335586787,0.1998194899176034,0.19818070051906897,0.19810965969844055,0.19934931714837462,0.19945907505931773,0.19712556106140117
Vibrio,0.19528967200804498,0.19477388265805973,0.1943442486471795,0.194233719118242,0.19429790232975064,0.19397074046890736,0.1908409466873769,0.19441758648079238,0.19399821295669303,0.19482805921464263,0.19591138458682064,0.1925955822736088,0.19181062212303515,0.19317194510087402,0.19419917158786842,0.19204297337216242
Warnowia,0.29447646512051984,0.2962111621429758,0.29970452984953977,0.29680849572794704,0.30215520650788336,0.30112411728666877,0.29594378030213375,0.297427833812295,0.27281444683831274,0.27322140184984783,0.2740840848818397,0.28523547992468534,0.2850219519882729,0.28069110441121703,0.2727051508209628,0.2823384249754243
Zygoceros rhombus,0.29607791948302875,0.2777486575909891,0.26438517862731237,0.2622225938329713,0.26725100208851127,0.25842120827702864,0.2513278277232239,0.2893996802156823,0.23182191343234093,0.21636699695265751,0.21165057654448638,0.23434186779794206,0.23848158824046362,0.23364348133801385,0.23051803053650133,0.24843425774522054
Zygoceros surirella,0.07083051708687715,0.06917236186926123,0.06894763473683752,0.0723489717534271,0.06903839548969488,0.06837736748682682,0.07027193236397095,0.07055175858056688,0.08760806183180092,0.09338294531460836,0.10108527121424099,0.08001344288794182,0.07815491748767914,0.08559651887360575,0.08929973675700369,0.07079487795445598
Zygoceros,0.16057609662998626,0.16081908480236573,0.1622924614375774,0.1610390379411794,0.16185859251588555,0.1645761132206486,0.1665163460185586,0.16045059508691284,0.18255450881042712,0.18741370946919125,0.1898273447961177,0.17488605693625592,0.17441718640257098,0.18074114300049554,0.18484281437176783,0.1686679512605415
